id,user_id,item_id,type,timestamp
1,298,372,share,2025-05-14
2,924,646,view,2025-08-10
3,398,753,view,2025-04-25
4,923,470,share,2025-03-15
5,321,642,share,2025-02-05
6,322,545,share,2025-07-08
7,70,773,like,2025-07-16
8,619,146,share,2025-05-23
9,925,530,view,2025-02-03
10,50,847,like,2025-06-22
11,940,700,like,2025-02-15
12,19,290,share,2025-03-02
13,238,302,like,2025-08-11
14,948,865,like,2025-04-13
15,570,578,view,2025-04-06
16,498,533,like,2025-06-06
17,757,835,share,2025-05-30
18,887,307,view,2025-08-17
19,491,169,share,2025-02-28
20,609,151,share,2025-01-24
21,632,238,share,2025-01-24
22,4,190,view,2025-04-01
23,252,1060,view,2025-08-04
24,447,301,share,2025-04-29
25,83,103,view,2025-01-16
26,720,836,share,2025-02-16
27,304,648,view,2025-02-08
28,602,151,view,2025-01-06
29,492,1082,like,2025-04-13
30,485,361,share,2025-03-16
31,899,185,share,2025-08-08
32,738,1040,share,2025-02-09
33,913,880,view,2025-03-02
34,5,342,like,2025-01-29
35,56,122,like,2025-08-19
36,539,384,share,2025-06-15
37,788,311,like,2025-06-03
38,652,373,view,2025-01-11
39,340,203,like,2025-07-07
40,705,770,share,2025-02-23
41,385,732,view,2025-05-15
42,668,804,like,2025-04-24
43,653,209,share,2025-01-16
44,146,677,like,2025-03-31
45,447,774,like,2025-04-08
46,717,578,view,2025-06-24
47,41,398,view,2025-06-16
48,640,855,share,2025-01-24
49,995,139,view,2025-03-27
50,888,519,like,2025-02-18
51,753,902,like,2025-07-16
52,385,154,like,2025-06-19
53,488,135,like,2025-03-16
54,169,1050,share,2025-02-07
55,45,1077,share,2025-02-05
56,123,747,share,2025-06-13
57,630,189,like,2025-04-01
58,757,680,view,2025-05-01
59,371,258,view,2025-04-26
60,966,813,view,2025-04-18
61,270,238,share,2025-02-08
62,711,937,like,2025-04-03
63,418,284,view,2025-02-08
64,134,536,view,2025-02-02
65,933,923,like,2025-06-23
66,552,916,like,2025-03-19
67,928,527,like,2025-06-21
68,911,1020,like,2025-01-11
69,232,419,share,2025-02-18
70,762,128,share,2025-05-16
71,589,216,view,2025-03-12
72,770,914,like,2025-04-19
73,37,185,share,2025-06-13
74,339,200,share,2025-06-01
75,695,459,share,2025-04-18
76,588,144,view,2025-08-10
77,43,674,share,2025-04-08
78,971,462,share,2025-01-11
79,356,190,view,2025-07-20
80,422,512,like,2025-06-09
81,719,439,share,2025-06-24
82,81,529,like,2025-01-19
83,455,321,share,2025-05-20
84,155,611,like,2025-02-23
85,209,614,like,2025-04-25
86,312,544,share,2025-05-15
87,463,106,view,2025-05-23
88,982,363,share,2025-03-07
89,13,988,like,2025-04-11
90,317,314,like,2025-07-21
91,453,1090,like,2025-04-18
92,93,1015,share,2025-01-27
93,562,538,share,2025-06-14
94,890,625,like,2025-02-02
95,986,447,like,2025-04-05
96,709,159,view,2025-07-17
97,278,814,share,2025-07-14
98,554,122,view,2025-05-26
99,698,790,view,2025-04-21
100,738,723,view,2025-04-06
101,458,546,share,2025-04-12
102,149,604,share,2025-05-02
103,212,753,like,2025-01-21
104,460,477,like,2025-03-09
105,363,1012,share,2025-02-15
106,158,1062,share,2025-05-14
107,546,657,view,2025-04-26
108,812,315,view,2025-04-17
109,640,396,share,2025-05-20
110,70,500,view,2025-06-08
111,227,529,share,2025-01-16
112,808,493,like,2025-05-26
113,229,951,like,2025-06-25
114,256,1016,view,2025-08-02
115,855,618,like,2025-06-14
116,965,895,share,2025-01-27
117,872,620,like,2025-04-24
118,132,527,like,2025-06-18
119,663,1051,like,2025-03-13
120,590,725,like,2025-04-01
121,272,299,share,2025-06-10
122,796,897,share,2025-03-30
123,352,610,view,2025-01-06
124,396,303,like,2025-07-26
125,799,758,view,2025-08-11
126,583,490,view,2025-06-08
127,545,932,like,2025-02-14
128,153,1031,view,2025-01-17
129,471,511,like,2025-07-17
130,987,278,view,2025-04-07
131,622,1047,view,2025-07-30
132,261,118,like,2025-04-27
133,396,337,view,2025-06-11
134,425,257,like,2025-04-22
135,252,688,like,2025-04-27
136,386,258,share,2025-06-11
137,961,696,share,2025-05-07
138,157,356,share,2025-02-20
139,620,897,view,2025-04-23
140,174,550,view,2025-07-09
141,240,469,like,2025-03-09
142,575,441,view,2025-02-22
143,180,1033,view,2025-07-21
144,134,702,like,2025-05-26
145,186,192,view,2025-08-18
146,614,954,view,2025-02-27
147,377,651,share,2025-03-16
148,293,275,share,2025-05-02
149,557,577,share,2025-05-15
150,196,211,share,2025-01-30
151,79,602,like,2025-07-18
152,502,828,like,2025-02-28
153,966,354,share,2025-06-22
154,39,125,share,2025-07-15
155,177,240,share,2025-04-07
156,118,986,view,2025-05-22
157,492,1033,view,2025-01-18
158,910,510,view,2025-03-10
159,426,727,share,2025-03-12
160,885,658,share,2025-01-08
161,140,782,view,2025-05-02
162,661,485,share,2025-03-13
163,129,542,like,2025-07-28
164,840,637,share,2025-07-08
165,523,131,view,2025-06-30
166,948,1041,share,2025-01-17
167,640,281,like,2025-01-31
168,527,138,like,2025-06-23
169,812,514,share,2025-04-12
170,503,555,like,2025-01-24
171,62,1068,like,2025-05-21
172,246,505,view,2025-07-11
173,158,988,share,2025-01-11
174,376,264,like,2025-03-25
175,180,194,view,2025-02-22
176,271,408,like,2025-04-23
177,992,776,share,2025-06-01
178,614,550,view,2025-06-18
179,863,868,share,2025-07-19
180,271,928,view,2025-04-11
181,161,875,share,2025-07-28
182,670,277,share,2025-05-30
183,365,929,share,2025-07-05
184,362,301,view,2025-01-26
185,797,241,view,2025-05-18
186,702,276,share,2025-07-01
187,510,661,like,2025-05-09
188,947,1078,view,2025-05-30
189,669,222,like,2025-03-24
190,867,584,share,2025-04-27
191,622,727,share,2025-05-13
192,462,794,view,2025-08-17
193,7,968,view,2025-03-27
194,831,797,share,2025-01-11
195,152,566,like,2025-03-03
196,664,970,share,2025-01-15
197,71,656,like,2025-03-30
198,605,320,view,2025-02-19
199,944,690,share,2025-06-09
200,33,855,like,2025-04-02
201,440,1084,view,2025-04-17
202,174,436,share,2025-02-07
203,829,629,like,2025-04-07
204,543,158,share,2025-03-20
205,134,305,view,2025-03-06
206,505,872,share,2025-06-28
207,275,1100,like,2025-03-21
208,456,377,view,2025-04-07
209,992,1041,view,2025-04-26
210,812,871,like,2025-02-28
211,20,217,view,2025-02-07
212,289,564,share,2025-06-11
213,530,218,share,2025-06-14
214,831,569,like,2025-01-11
215,366,922,share,2025-03-31
216,920,477,like,2025-04-19
217,271,660,view,2025-06-17
218,584,234,share,2025-03-10
219,359,1015,share,2025-01-08
220,950,772,share,2025-06-18
221,55,812,share,2025-07-20
222,132,1020,view,2025-06-21
223,723,1028,like,2025-01-12
224,748,993,like,2025-05-18
225,395,431,share,2025-02-08
226,763,761,share,2025-07-10
227,957,467,share,2025-05-07
228,963,335,share,2025-06-09
229,934,785,share,2025-04-25
230,199,908,view,2025-05-12
231,262,692,like,2025-05-25
232,598,127,like,2025-07-09
233,61,661,share,2025-06-27
234,143,363,like,2025-02-17
235,244,434,view,2025-01-19
236,459,111,share,2025-06-21
237,386,972,view,2025-03-26
238,550,477,view,2025-04-18
239,468,423,like,2025-06-30
240,942,255,share,2025-07-18
241,534,698,share,2025-02-16
242,821,358,like,2025-08-08
243,715,638,view,2025-05-05
244,189,582,like,2025-06-16
245,813,631,share,2025-07-30
246,675,700,share,2025-06-22
247,168,1039,like,2025-07-03
248,511,1076,share,2025-05-05
249,88,560,like,2025-06-15
250,779,889,share,2025-04-03
251,786,932,share,2025-04-06
252,497,368,share,2025-06-26
253,35,689,share,2025-07-25
254,30,882,view,2025-01-16
255,660,913,view,2025-07-24
256,746,650,share,2025-07-20
257,683,1082,like,2025-05-01
258,840,246,like,2025-01-16
259,271,557,share,2025-02-21
260,451,913,like,2025-04-03
261,418,1029,view,2025-04-21
262,574,535,share,2025-01-20
263,485,600,share,2025-03-23
264,729,847,like,2025-04-30
265,915,371,like,2025-04-30
266,926,276,view,2025-06-28
267,570,667,share,2025-04-15
268,664,918,like,2025-06-29
269,798,923,like,2025-03-20
270,2,166,like,2025-06-07
271,987,594,view,2025-06-13
272,161,893,view,2025-01-25
273,585,787,view,2025-08-12
274,681,373,share,2025-06-30
275,48,297,like,2025-07-28
276,664,1000,share,2025-07-30
277,650,397,view,2025-05-02
278,39,213,share,2025-03-04
279,390,275,share,2025-07-05
280,283,1100,share,2025-03-09
281,461,805,view,2025-03-11
282,356,749,view,2025-07-20
283,574,757,like,2025-05-24
284,623,868,like,2025-06-24
285,414,403,share,2025-05-28
286,145,650,view,2025-07-03
287,226,717,like,2025-04-08
288,114,1035,view,2025-07-03
289,345,847,like,2025-04-20
290,702,239,like,2025-01-10
291,562,998,view,2025-05-18
292,561,505,share,2025-04-02
293,44,923,view,2025-03-16
294,515,105,share,2025-01-19
295,858,669,like,2025-08-05
296,711,146,like,2025-04-06
297,302,478,like,2025-04-17
298,164,889,view,2025-03-14
299,713,424,share,2025-03-30
300,177,544,view,2025-06-08
301,880,884,share,2025-07-27
302,937,315,share,2025-04-05
303,532,496,share,2025-04-21
304,215,890,like,2025-05-28
305,169,502,like,2025-06-09
306,48,689,like,2025-07-07
307,423,179,share,2025-03-23
308,43,812,like,2025-01-28
309,775,706,like,2025-01-14
310,477,217,view,2025-04-04
311,728,1019,like,2025-02-11
312,20,356,share,2025-01-16
313,106,1038,like,2025-06-09
314,439,1077,view,2025-06-28
315,167,782,like,2025-08-05
316,217,194,share,2025-04-06
317,679,744,view,2025-06-11
318,44,638,share,2025-07-31
319,74,415,share,2025-01-23
320,218,802,like,2025-02-19
321,398,1047,view,2025-07-17
322,910,1032,view,2025-02-12
323,259,1059,like,2025-07-28
324,149,409,like,2025-07-21
325,187,178,view,2025-04-15
326,69,340,share,2025-07-28
327,453,789,like,2025-06-08
328,972,771,share,2025-05-19
329,564,134,share,2025-01-26
330,344,380,share,2025-01-24
331,712,412,view,2025-03-01
332,669,252,view,2025-04-16
333,679,453,view,2025-07-31
334,476,357,like,2025-02-09
335,435,752,share,2025-01-22
336,18,774,view,2025-01-05
337,298,190,view,2025-04-07
338,197,755,view,2025-06-10
339,359,769,share,2025-05-04
340,223,730,share,2025-01-21
341,570,118,like,2025-02-18
342,355,1016,like,2025-01-25
343,163,888,view,2025-06-09
344,436,271,view,2025-01-27
345,248,129,view,2025-02-14
346,775,126,share,2025-02-03
347,442,606,share,2025-03-01
348,441,174,like,2025-05-14
349,853,724,like,2025-05-06
350,783,683,like,2025-07-23
351,223,719,share,2025-03-17
352,790,928,view,2025-04-18
353,140,806,like,2025-04-05
354,979,124,share,2025-01-17
355,384,289,share,2025-01-13
356,530,1015,view,2025-07-30
357,52,191,share,2025-06-27
358,957,363,view,2025-02-15
359,540,272,view,2025-03-14
360,203,322,share,2025-06-18
361,843,835,share,2025-01-08
362,489,221,view,2025-02-26
363,921,772,share,2025-06-22
364,218,109,view,2025-06-09
365,414,606,view,2025-04-29
366,788,1012,like,2025-01-18
367,48,1026,view,2025-05-06
368,460,588,share,2025-07-24
369,834,691,view,2025-03-04
370,983,101,like,2025-04-24
371,880,838,share,2025-05-09
372,822,773,view,2025-07-27
373,317,718,view,2025-02-25
374,844,109,share,2025-04-09
375,502,473,share,2025-05-16
376,538,1081,like,2025-08-14
377,140,529,like,2025-02-22
378,609,563,like,2025-07-21
379,186,877,view,2025-02-04
380,842,380,view,2025-07-08
381,9,546,view,2025-07-21
382,219,608,share,2025-05-23
383,789,226,view,2025-05-29
384,438,1017,share,2025-05-25
385,413,564,like,2025-08-03
386,98,224,view,2025-02-07
387,317,932,like,2025-05-06
388,164,918,like,2025-08-10
389,429,438,like,2025-03-27
390,783,370,share,2025-04-26
391,301,974,share,2025-04-30
392,423,747,share,2025-02-25
393,743,729,like,2025-06-07
394,963,1054,like,2025-06-27
395,8,955,share,2025-04-27
396,296,125,view,2025-01-25
397,388,111,view,2025-06-25
398,893,234,view,2025-05-23
399,118,1074,like,2025-04-06
400,580,582,like,2025-03-06
401,293,878,like,2025-07-14
402,471,957,view,2025-03-22
403,950,275,like,2025-03-06
404,959,560,view,2025-06-02
405,111,573,share,2025-05-23
406,978,253,like,2025-06-06
407,546,812,like,2025-03-03
408,12,958,view,2025-05-13
409,878,511,like,2025-01-19
410,381,278,view,2025-03-25
411,966,239,view,2025-02-02
412,904,123,view,2025-08-06
413,889,664,share,2025-04-15
414,710,922,like,2025-04-05
415,284,727,like,2025-01-07
416,261,1091,view,2025-02-12
417,213,406,like,2025-03-15
418,394,907,share,2025-06-10
419,695,1002,like,2025-06-29
420,772,859,share,2025-05-19
421,435,718,share,2025-03-15
422,693,175,like,2025-08-02
423,469,190,like,2025-05-04
424,686,293,share,2025-06-13
425,89,512,like,2025-01-08
426,790,484,share,2025-02-12
427,574,598,view,2025-05-07
428,782,404,view,2025-04-09
429,991,971,share,2025-06-18
430,100,223,like,2025-03-04
431,131,453,share,2025-04-01
432,371,201,like,2025-01-07
433,90,477,view,2025-06-30
434,914,641,view,2025-08-15
435,308,238,share,2025-03-03
436,588,522,share,2025-01-06
437,865,1022,view,2025-01-20
438,678,509,view,2025-07-28
439,791,634,like,2025-03-08
440,228,840,view,2025-03-15
441,713,273,view,2025-07-18
442,375,334,like,2025-07-24
443,394,176,view,2025-05-03
444,155,1099,view,2025-08-15
445,901,425,like,2025-01-14
446,703,453,share,2025-02-28
447,786,814,like,2025-05-12
448,644,1072,like,2025-01-31
449,537,416,view,2025-06-21
450,21,830,view,2025-03-24
451,657,582,view,2025-05-01
452,474,493,like,2025-02-01
453,19,450,share,2025-01-01
454,331,966,share,2025-08-18
455,442,1069,share,2025-03-22
456,624,739,view,2025-01-01
457,24,157,view,2025-04-30
458,166,107,share,2025-06-12
459,77,567,share,2025-03-10
460,476,773,share,2025-05-21
461,152,331,view,2025-07-30
462,207,396,share,2025-05-05
463,217,265,share,2025-02-04
464,245,103,view,2025-04-28
465,109,1022,share,2025-01-30
466,488,492,view,2025-04-26
467,970,448,view,2025-03-20
468,662,957,share,2025-07-15
469,432,149,view,2025-07-25
470,268,658,like,2025-07-19
471,806,656,view,2025-07-04
472,733,281,share,2025-07-02
473,794,1029,view,2025-05-09
474,104,741,share,2025-02-18
475,668,329,share,2025-01-02
476,263,196,share,2025-04-10
477,354,440,like,2025-08-10
478,619,290,share,2025-07-14
479,558,1039,like,2025-01-18
480,501,720,like,2025-01-16
481,548,402,share,2025-06-15
482,937,398,like,2025-01-17
483,260,1079,like,2025-08-06
484,96,659,like,2025-05-31
485,861,349,share,2025-01-18
486,664,375,like,2025-02-16
487,166,1013,share,2025-07-12
488,144,205,like,2025-06-08
489,759,143,share,2025-05-22
490,922,452,like,2025-01-17
491,560,312,view,2025-06-01
492,132,815,like,2025-03-15
493,712,134,like,2025-02-21
494,276,903,view,2025-05-10
495,13,427,like,2025-01-27
496,692,603,like,2025-01-16
497,677,159,view,2025-03-08
498,244,764,view,2025-06-12
499,331,615,like,2025-05-11
500,896,553,view,2025-03-30
501,758,517,share,2025-08-15
502,310,465,view,2025-04-22
503,514,389,share,2025-07-24
504,191,889,share,2025-04-18
505,192,595,share,2025-06-07
506,699,1067,view,2025-01-21
507,954,692,view,2025-08-05
508,688,621,share,2025-06-06
509,966,619,share,2025-03-21
510,706,488,view,2025-05-22
511,895,791,share,2025-04-09
512,457,526,view,2025-06-15
513,442,322,share,2025-01-14
514,572,800,share,2025-04-01
515,215,515,share,2025-05-17
516,569,410,share,2025-03-11
517,871,329,view,2025-08-05
518,67,674,like,2025-02-07
519,730,1014,share,2025-01-20
520,131,736,like,2025-04-16
521,721,936,view,2025-04-22
522,551,1017,share,2025-05-21
523,295,149,share,2025-02-04
524,450,914,view,2025-06-10
525,520,597,share,2025-07-13
526,868,172,view,2025-05-28
527,226,547,share,2025-04-04
528,957,188,share,2025-02-05
529,475,793,like,2025-08-11
530,975,1091,like,2025-01-02
531,361,600,share,2025-04-21
532,576,1100,view,2025-03-29
533,108,459,view,2025-04-18
534,609,343,like,2025-07-03
535,452,339,like,2025-04-11
536,616,239,like,2025-02-10
537,518,555,like,2025-08-08
538,107,371,share,2025-08-13
539,52,863,share,2025-05-30
540,441,293,view,2025-06-16
541,41,544,like,2025-01-13
542,771,708,share,2025-05-03
543,998,140,share,2025-06-05
544,494,536,share,2025-05-25
545,881,563,share,2025-06-09
546,687,717,share,2025-07-16
547,800,139,like,2025-01-22
548,369,842,like,2025-03-12
549,264,996,like,2025-01-21
550,144,253,like,2025-05-01
551,50,586,view,2025-01-01
552,712,687,view,2025-05-11
553,75,958,view,2025-03-12
554,221,633,like,2025-05-07
555,239,419,like,2025-06-15
556,862,402,share,2025-04-10
557,418,376,like,2025-07-03
558,906,1010,share,2025-07-13
559,440,512,view,2025-04-09
560,830,564,view,2025-07-28
561,776,942,share,2025-07-13
562,964,1036,view,2025-03-30
563,721,217,like,2025-04-10
564,319,181,like,2025-08-01
565,259,118,share,2025-07-20
566,270,948,share,2025-01-16
567,495,702,like,2025-01-02
568,788,815,like,2025-03-29
569,415,505,view,2025-03-05
570,447,305,share,2025-07-12
571,309,376,like,2025-04-11
572,273,1071,like,2025-08-07
573,303,631,view,2025-02-09
574,675,1027,share,2025-01-30
575,10,526,view,2025-06-14
576,863,1050,view,2025-02-12
577,44,593,share,2025-04-17
578,570,299,view,2025-06-14
579,321,766,view,2025-06-27
580,365,720,share,2025-01-18
581,23,792,like,2025-06-10
582,398,505,share,2025-08-19
583,378,858,share,2025-07-25
584,789,609,view,2025-07-10
585,363,1036,share,2025-06-26
586,470,680,share,2025-03-23
587,308,737,like,2025-05-31
588,768,833,like,2025-04-22
589,537,287,view,2025-02-18
590,388,944,like,2025-03-16
591,623,888,share,2025-06-13
592,963,522,share,2025-03-17
593,442,800,view,2025-05-22
594,22,128,view,2025-03-18
595,5,791,like,2025-03-10
596,627,728,view,2025-01-24
597,572,1075,like,2025-04-24
598,869,263,like,2025-04-21
599,113,275,share,2025-02-21
600,406,535,share,2025-07-24
601,307,633,share,2025-05-22
602,766,996,view,2025-03-12
603,206,693,view,2025-01-20
604,170,561,view,2025-07-06
605,658,375,view,2025-03-24
606,523,1024,share,2025-06-08
607,885,115,view,2025-02-03
608,984,993,view,2025-01-23
609,946,1016,like,2025-04-23
610,661,652,share,2025-01-12
611,418,1056,like,2025-03-02
612,26,292,like,2025-08-13
613,374,982,like,2025-01-08
614,130,1024,like,2025-06-23
615,860,1069,view,2025-07-04
616,688,594,view,2025-01-14
617,8,1047,view,2025-04-05
618,99,133,share,2025-02-13
619,305,518,view,2025-07-10
620,402,301,view,2025-03-09
621,892,857,like,2025-07-30
622,222,335,view,2025-01-06
623,201,691,like,2025-07-16
624,338,409,share,2025-04-13
625,164,552,like,2025-04-08
626,42,284,share,2025-05-15
627,691,474,share,2025-01-19
628,139,843,view,2025-07-26
629,390,597,share,2025-04-02
630,252,1069,like,2025-06-16
631,352,594,share,2025-08-08
632,418,241,view,2025-07-28
633,232,533,share,2025-05-31
634,59,399,like,2025-03-04
635,731,156,share,2025-01-03
636,809,441,share,2025-06-04
637,166,499,view,2025-03-23
638,945,514,like,2025-08-07
639,481,373,like,2025-04-03
640,333,485,share,2025-01-27
641,329,679,view,2025-02-07
642,587,817,like,2025-04-17
643,32,868,like,2025-05-17
644,94,760,like,2025-07-06
645,752,911,share,2025-02-05
646,822,919,view,2025-05-17
647,993,1000,view,2025-06-04
648,713,781,view,2025-01-03
649,589,965,view,2025-02-01
650,942,495,share,2025-05-27
651,457,738,share,2025-07-27
652,378,649,view,2025-01-24
653,504,889,share,2025-06-05
654,712,479,view,2025-07-21
655,218,176,share,2025-05-01
656,205,774,view,2025-01-15
657,414,810,share,2025-06-05
658,539,505,share,2025-06-12
659,429,732,share,2025-01-30
660,871,920,share,2025-02-18
661,468,189,share,2025-02-13
662,250,538,like,2025-08-19
663,407,941,share,2025-02-21
664,596,171,view,2025-08-06
665,936,876,share,2025-08-11
666,672,675,view,2025-06-12
667,858,781,view,2025-01-15
668,607,679,like,2025-01-01
669,976,235,share,2025-06-04
670,285,208,like,2025-07-16
671,699,713,like,2025-07-02
672,329,475,like,2025-05-01
673,494,473,view,2025-08-15
674,618,508,share,2025-03-15
675,82,614,like,2025-01-21
676,740,997,view,2025-05-16
677,254,1092,share,2025-05-20
678,564,958,share,2025-04-01
679,588,413,view,2025-04-24
680,287,506,share,2025-06-07
681,599,328,share,2025-04-17
682,351,863,like,2025-05-14
683,820,1088,share,2025-08-01
684,717,808,view,2025-06-13
685,389,1058,like,2025-03-22
686,767,165,like,2025-01-03
687,662,285,like,2025-01-18
688,242,234,share,2025-04-04
689,759,699,like,2025-03-28
690,758,593,view,2025-06-21
691,586,160,share,2025-04-07
692,453,426,like,2025-02-04
693,831,842,like,2025-04-16
694,489,558,like,2025-07-21
695,557,640,view,2025-06-26
696,512,765,share,2025-06-27
697,363,395,share,2025-05-09
698,469,421,share,2025-03-27
699,885,507,like,2025-05-31
700,917,914,share,2025-05-27
701,381,1045,share,2025-01-16
702,496,995,share,2025-07-01
703,612,159,share,2025-05-29
704,264,730,like,2025-01-08
705,311,675,like,2025-03-12
706,122,176,like,2025-05-23
707,921,759,like,2025-02-19
708,175,223,like,2025-02-19
709,316,562,like,2025-06-09
710,802,809,like,2025-03-21
711,835,832,view,2025-01-08
712,49,383,share,2025-05-24
713,664,728,view,2025-06-30
714,599,970,like,2025-01-10
715,136,747,view,2025-06-06
716,124,831,share,2025-04-14
717,589,570,like,2025-01-26
718,621,880,like,2025-01-09
719,372,587,share,2025-05-16
720,539,642,share,2025-01-03
721,976,1051,view,2025-08-11
722,153,898,like,2025-03-07
723,61,227,view,2025-06-06
724,951,218,share,2025-05-05
725,679,747,share,2025-07-06
726,943,707,like,2025-05-15
727,79,181,share,2025-08-16
728,870,1059,view,2025-01-06
729,627,351,like,2025-08-15
730,643,779,share,2025-04-19
731,54,249,view,2025-06-28
732,705,501,share,2025-07-02
733,584,363,view,2025-07-10
734,815,989,view,2025-07-07
735,821,952,view,2025-03-07
736,449,516,like,2025-07-21
737,401,144,share,2025-05-24
738,469,922,like,2025-06-26
739,900,546,like,2025-08-02
740,156,105,share,2025-01-23
741,478,583,like,2025-04-04
742,81,544,share,2025-04-06
743,730,992,like,2025-05-02
744,996,350,view,2025-04-01
745,787,1019,like,2025-05-05
746,430,275,share,2025-04-04
747,101,388,view,2025-06-11
748,904,102,like,2025-04-28
749,231,188,view,2025-06-05
750,125,104,share,2025-01-25
751,768,912,share,2025-08-07
752,356,883,view,2025-04-07
753,696,280,like,2025-02-24
754,890,935,like,2025-04-20
755,513,960,share,2025-05-09
756,732,126,share,2025-06-28
757,848,165,like,2025-05-13
758,771,890,share,2025-02-18
759,730,746,like,2025-03-24
760,421,277,view,2025-03-04
761,584,590,view,2025-04-19
762,156,228,like,2025-03-27
763,144,126,share,2025-06-20
764,667,194,like,2025-01-16
765,33,640,share,2025-05-06
766,198,395,share,2025-04-27
767,174,757,like,2025-04-01
768,488,405,like,2025-03-09
769,489,1047,view,2025-07-18
770,489,423,like,2025-03-14
771,989,213,like,2025-05-18
772,621,426,view,2025-07-27
773,698,872,view,2025-01-16
774,779,488,share,2025-05-12
775,685,916,share,2025-02-14
776,112,519,share,2025-02-11
777,383,716,like,2025-02-28
778,354,937,share,2025-05-03
779,78,402,share,2025-02-10
780,994,816,like,2025-02-02
781,952,268,view,2025-03-30
782,686,975,like,2025-03-05
783,265,147,share,2025-07-21
784,101,489,view,2025-03-07
785,971,807,view,2025-01-22
786,660,319,like,2025-02-16
787,277,1050,view,2025-06-15
788,861,432,like,2025-05-23
789,222,544,view,2025-07-10
790,860,741,view,2025-01-30
791,73,785,share,2025-01-11
792,429,507,view,2025-07-02
793,501,247,share,2025-02-15
794,291,928,view,2025-08-18
795,1,1015,share,2025-02-27
796,948,168,share,2025-07-21
797,140,263,view,2025-05-12
798,901,852,like,2025-07-02
799,522,1046,share,2025-04-28
800,261,535,share,2025-03-20
801,459,412,share,2025-07-01
802,612,521,like,2025-07-13
803,903,841,share,2025-01-15
804,613,931,like,2025-01-27
805,740,791,share,2025-07-15
806,884,215,view,2025-06-01
807,41,945,share,2025-08-19
808,483,917,like,2025-05-23
809,979,442,share,2025-03-23
810,826,126,like,2025-02-21
811,402,830,like,2025-02-23
812,251,863,view,2025-03-16
813,351,944,view,2025-01-17
814,635,118,share,2025-01-09
815,104,1046,like,2025-01-30
816,539,459,view,2025-05-27
817,210,469,view,2025-02-09
818,153,314,view,2025-06-13
819,107,593,share,2025-08-18
820,60,455,share,2025-04-02
821,287,304,like,2025-08-16
822,96,345,share,2025-07-21
823,425,319,like,2025-06-19
824,584,399,share,2025-07-03
825,197,849,like,2025-08-08
826,81,226,like,2025-03-12
827,955,949,view,2025-03-06
828,271,403,like,2025-03-04
829,124,166,like,2025-01-25
830,96,454,view,2025-02-01
831,599,873,share,2025-05-20
832,497,114,view,2025-02-18
833,806,646,like,2025-01-07
834,996,905,like,2025-02-21
835,455,825,like,2025-01-02
836,333,441,share,2025-07-07
837,47,940,share,2025-02-24
838,581,266,view,2025-08-11
839,56,440,like,2025-03-21
840,727,179,view,2025-02-01
841,8,152,view,2025-03-11
842,240,348,share,2025-05-01
843,249,470,view,2025-07-13
844,539,448,like,2025-03-27
845,669,301,view,2025-07-13
846,509,715,share,2025-06-22
847,529,385,like,2025-01-16
848,979,254,share,2025-04-07
849,767,280,view,2025-06-04
850,509,328,view,2025-05-03
851,277,650,share,2025-06-18
852,542,642,view,2025-07-12
853,471,975,like,2025-08-09
854,802,864,like,2025-01-21
855,868,824,view,2025-02-04
856,501,883,like,2025-04-01
857,756,665,like,2025-01-18
858,223,155,like,2025-03-24
859,266,923,view,2025-02-23
860,174,639,share,2025-08-09
861,81,859,share,2025-02-23
862,553,410,share,2025-08-08
863,105,870,share,2025-02-15
864,661,370,share,2025-04-30
865,240,867,like,2025-04-17
866,679,138,share,2025-01-27
867,976,523,share,2025-03-31
868,604,386,view,2025-03-07
869,175,624,view,2025-02-09
870,324,952,share,2025-03-31
871,346,586,share,2025-03-15
872,513,504,like,2025-07-22
873,394,472,view,2025-02-20
874,334,926,like,2025-05-27
875,712,640,view,2025-01-10
876,723,148,like,2025-01-06
877,673,1010,like,2025-03-20
878,699,501,view,2025-07-04
879,71,583,view,2025-06-28
880,578,1005,share,2025-02-12
881,592,806,view,2025-02-26
882,328,203,like,2025-07-26
883,20,737,share,2025-07-26
884,586,366,view,2025-02-15
885,587,837,share,2025-04-09
886,346,1078,share,2025-05-15
887,137,416,share,2025-01-17
888,694,406,like,2025-07-01
889,404,777,like,2025-04-26
890,431,673,view,2025-05-15
891,442,784,like,2025-01-24
892,512,659,share,2025-01-15
893,121,1074,like,2025-07-06
894,985,200,view,2025-08-05
895,628,218,share,2025-06-20
896,387,815,share,2025-08-07
897,103,694,share,2025-04-07
898,317,395,like,2025-01-31
899,318,1072,share,2025-08-11
900,986,857,like,2025-01-26
901,64,278,like,2025-02-01
902,732,809,share,2025-01-22
903,177,1023,view,2025-04-25
904,430,377,like,2025-07-06
905,509,894,view,2025-06-14
906,58,515,like,2025-06-07
907,38,1026,view,2025-06-08
908,224,287,view,2025-03-07
909,505,182,share,2025-05-08
910,402,163,like,2025-08-17
911,894,682,share,2025-02-13
912,501,148,like,2025-03-16
913,748,479,view,2025-06-24
914,900,220,share,2025-05-09
915,857,1060,like,2025-07-21
916,85,646,like,2025-06-26
917,828,381,like,2025-06-02
918,24,962,like,2025-04-18
919,85,844,share,2025-03-16
920,931,615,share,2025-04-03
921,21,996,like,2025-01-14
922,594,214,like,2025-06-10
923,616,823,like,2025-07-16
924,904,338,view,2025-05-26
925,876,1081,view,2025-01-21
926,296,336,share,2025-03-23
927,429,341,view,2025-01-26
928,356,1070,view,2025-04-23
929,664,1043,view,2025-03-13
930,864,158,view,2025-02-04
931,202,424,share,2025-03-23
932,89,601,share,2025-03-24
933,815,655,view,2025-05-30
934,108,994,view,2025-06-17
935,390,585,share,2025-08-04
936,762,780,like,2025-04-14
937,363,642,like,2025-04-17
938,709,139,share,2025-02-11
939,871,1094,like,2025-03-28
940,854,519,view,2025-05-12
941,468,164,like,2025-03-15
942,858,1016,share,2025-06-17
943,933,1035,view,2025-05-13
944,353,336,like,2025-02-01
945,191,623,share,2025-07-13
946,706,537,share,2025-01-09
947,147,626,share,2025-03-20
948,530,717,view,2025-06-20
949,77,832,like,2025-02-12
950,417,931,like,2025-01-23
951,828,531,share,2025-05-04
952,457,658,like,2025-03-03
953,559,704,like,2025-01-13
954,659,936,view,2025-01-21
955,698,668,view,2025-04-08
956,730,281,share,2025-01-19
957,438,420,view,2025-08-03
958,584,369,like,2025-06-30
959,916,882,share,2025-05-30
960,727,712,view,2025-07-18
961,774,630,share,2025-02-20
962,210,828,like,2025-01-21
963,416,614,like,2025-03-03
964,779,449,share,2025-07-03
965,806,336,share,2025-03-21
966,968,670,share,2025-02-08
967,673,290,like,2025-02-17
968,664,909,share,2025-06-18
969,336,729,view,2025-07-17
970,406,678,view,2025-08-19
971,565,928,view,2025-06-26
972,268,162,view,2025-06-10
973,555,937,like,2025-01-02
974,102,371,share,2025-07-18
975,644,120,share,2025-01-11
976,747,618,share,2025-07-22
977,730,776,like,2025-02-10
978,341,924,like,2025-02-12
979,684,831,view,2025-07-05
980,794,1038,like,2025-03-07
981,874,634,share,2025-07-11
982,420,842,share,2025-04-07
983,81,461,share,2025-02-23
984,577,850,share,2025-05-17
985,165,558,view,2025-04-12
986,961,360,view,2025-02-26
987,556,893,like,2025-04-06
988,22,277,view,2025-06-03
989,356,270,like,2025-03-04
990,822,1099,view,2025-06-02
991,699,895,share,2025-08-08
992,833,1074,like,2025-01-24
993,575,149,view,2025-03-31
994,278,149,like,2025-01-13
995,757,1076,share,2025-03-17
996,170,463,like,2025-01-09
997,433,538,like,2025-01-25
998,950,129,share,2025-05-21
999,395,457,share,2025-01-08
1000,957,1057,like,2025-06-22
1001,993,868,share,2025-03-31
1002,93,732,share,2025-07-13
1003,44,213,share,2025-05-09
1004,49,311,share,2025-05-31
1005,924,534,like,2025-03-10
1006,702,268,like,2025-04-14
1007,564,360,view,2025-05-25
1008,829,677,share,2025-06-12
1009,490,391,like,2025-02-12
1010,3,722,share,2025-08-01
1011,450,340,view,2025-04-23
1012,846,1015,view,2025-08-05
1013,70,838,like,2025-02-14
1014,335,161,view,2025-01-23
1015,211,644,share,2025-07-26
1016,523,996,view,2025-06-29
1017,718,918,like,2025-07-03
1018,351,911,share,2025-05-01
1019,338,724,like,2025-03-16
1020,115,367,like,2025-03-10
1021,307,516,view,2025-06-13
1022,477,1066,share,2025-05-15
1023,168,185,view,2025-05-23
1024,894,712,share,2025-07-06
1025,792,651,like,2025-05-27
1026,132,936,view,2025-03-21
1027,109,490,share,2025-03-08
1028,818,225,like,2025-06-24
1029,63,694,share,2025-03-31
1030,543,247,share,2025-05-19
1031,801,222,share,2025-06-24
1032,578,106,share,2025-07-25
1033,690,825,like,2025-01-25
1034,782,904,share,2025-03-17
1035,248,677,view,2025-03-31
1036,86,580,view,2025-06-10
1037,316,784,view,2025-07-02
1038,167,625,share,2025-05-07
1039,289,472,view,2025-04-10
1040,931,646,view,2025-07-19
1041,654,338,like,2025-06-16
1042,743,536,view,2025-03-20
1043,50,129,view,2025-03-21
1044,80,577,like,2025-05-02
1045,705,859,view,2025-04-17
1046,314,861,like,2025-04-04
1047,673,670,view,2025-08-19
1048,884,1019,view,2025-08-18
1049,760,650,like,2025-06-23
1050,601,343,share,2025-08-01
1051,751,696,view,2025-01-06
1052,203,622,like,2025-05-04
1053,204,836,view,2025-01-04
1054,474,1089,like,2025-01-10
1055,512,558,like,2025-02-11
1056,529,164,share,2025-05-24
1057,367,549,view,2025-06-24
1058,930,1085,like,2025-06-08
1059,446,618,like,2025-06-01
1060,654,785,share,2025-02-03
1061,653,443,view,2025-08-01
1062,932,583,view,2025-07-26
1063,263,545,view,2025-01-13
1064,709,833,share,2025-08-07
1065,574,522,like,2025-02-12
1066,614,200,share,2025-05-10
1067,874,743,view,2025-08-18
1068,954,923,view,2025-07-24
1069,68,590,share,2025-01-10
1070,947,972,like,2025-04-05
1071,936,894,like,2025-05-23
1072,63,814,like,2025-08-04
1073,988,208,like,2025-07-11
1074,976,115,view,2025-06-09
1075,565,185,view,2025-04-03
1076,790,309,view,2025-04-13
1077,527,163,like,2025-07-02
1078,327,652,like,2025-01-15
1079,144,523,view,2025-07-26
1080,699,737,view,2025-07-16
1081,242,150,like,2025-03-28
1082,491,637,view,2025-06-02
1083,569,595,like,2025-02-09
1084,282,105,share,2025-06-15
1085,94,641,share,2025-05-16
1086,613,474,share,2025-04-02
1087,825,452,share,2025-04-14
1088,752,154,like,2025-01-14
1089,466,1030,share,2025-02-09
1090,827,385,view,2025-04-16
1091,291,634,share,2025-01-25
1092,568,258,like,2025-04-14
1093,19,814,view,2025-02-23
1094,103,145,share,2025-01-31
1095,168,326,share,2025-04-30
1096,374,1006,view,2025-04-19
1097,415,987,view,2025-01-23
1098,673,1053,like,2025-01-08
1099,435,961,like,2025-04-05
1100,909,952,share,2025-05-11
1101,57,779,share,2025-03-28
1102,127,1013,view,2025-07-04
1103,774,209,share,2025-03-17
1104,861,455,like,2025-01-19
1105,504,130,view,2025-05-17
1106,227,890,view,2025-01-29
1107,33,895,view,2025-08-07
1108,920,459,share,2025-02-21
1109,510,879,share,2025-02-19
1110,879,702,like,2025-01-04
1111,70,983,share,2025-02-27
1112,370,989,like,2025-03-27
1113,629,430,like,2025-04-15
1114,970,645,like,2025-04-06
1115,991,109,view,2025-01-22
1116,99,339,share,2025-02-04
1117,47,287,view,2025-02-13
1118,891,416,view,2025-05-24
1119,963,975,view,2025-05-15
1120,203,1052,view,2025-05-02
1121,764,969,view,2025-03-27
1122,235,805,share,2025-07-15
1123,236,569,view,2025-01-01
1124,676,668,view,2025-03-20
1125,222,130,view,2025-04-13
1126,366,234,view,2025-06-24
1127,894,908,share,2025-07-05
1128,90,127,share,2025-03-30
1129,325,249,share,2025-06-02
1130,612,349,share,2025-03-15
1131,248,738,like,2025-05-09
1132,420,225,like,2025-05-03
1133,496,174,share,2025-07-12
1134,963,865,share,2025-01-03
1135,593,763,view,2025-01-04
1136,12,168,share,2025-03-13
1137,587,834,like,2025-08-14
1138,259,1063,share,2025-03-19
1139,297,966,like,2025-07-20
1140,373,304,share,2025-04-08
1141,142,678,view,2025-04-29
1142,213,234,view,2025-05-12
1143,84,549,view,2025-08-07
1144,517,891,like,2025-04-05
1145,88,952,like,2025-08-15
1146,157,1085,share,2025-02-28
1147,613,437,like,2025-04-03
1148,651,451,like,2025-03-28
1149,733,230,share,2025-03-07
1150,158,298,view,2025-07-05
1151,321,573,view,2025-04-08
1152,41,1097,like,2025-07-15
1153,74,335,share,2025-08-16
1154,924,923,view,2025-07-25
1155,232,908,like,2025-01-21
1156,319,871,share,2025-04-16
1157,101,794,share,2025-01-03
1158,261,241,share,2025-06-11
1159,116,172,like,2025-04-13
1160,471,921,share,2025-04-09
1161,268,845,share,2025-04-19
1162,301,1003,share,2025-02-14
1163,171,334,view,2025-08-16
1164,291,1038,share,2025-05-22
1165,195,795,like,2025-02-23
1166,688,498,view,2025-05-11
1167,5,482,view,2025-04-18
1168,904,204,view,2025-01-17
1169,373,716,view,2025-01-24
1170,813,569,like,2025-02-22
1171,263,876,view,2025-05-30
1172,583,782,share,2025-06-28
1173,823,976,share,2025-02-03
1174,997,340,view,2025-05-13
1175,107,113,share,2025-01-16
1176,771,900,like,2025-06-02
1177,619,983,view,2025-01-20
1178,418,1063,share,2025-06-13
1179,830,1020,like,2025-01-06
1180,826,1043,share,2025-01-21
1181,983,799,share,2025-08-11
1182,449,548,view,2025-03-14
1183,731,443,view,2025-03-04
1184,558,432,like,2025-06-16
1185,20,901,view,2025-08-17
1186,276,940,like,2025-08-11
1187,693,1017,like,2025-08-08
1188,872,357,view,2025-01-23
1189,885,711,like,2025-06-28
1190,670,517,share,2025-08-04
1191,541,424,like,2025-06-13
1192,475,215,like,2025-04-19
1193,421,132,share,2025-01-15
1194,813,546,view,2025-01-17
1195,840,203,like,2025-06-30
1196,177,362,share,2025-07-20
1197,570,981,like,2025-05-20
1198,440,747,like,2025-03-17
1199,514,614,like,2025-07-28
1200,418,808,share,2025-04-22
1201,395,1023,share,2025-04-06
1202,312,431,view,2025-02-18
1203,842,889,view,2025-04-03
1204,712,218,share,2025-07-06
1205,657,531,view,2025-01-08
1206,203,767,like,2025-02-18
1207,726,983,view,2025-05-04
1208,166,416,view,2025-06-03
1209,193,1088,view,2025-06-29
1210,355,901,like,2025-07-06
1211,306,510,view,2025-04-05
1212,256,1047,share,2025-02-10
1213,712,367,like,2025-01-22
1214,265,811,like,2025-02-23
1215,672,510,view,2025-01-24
1216,446,366,view,2025-04-23
1217,21,277,like,2025-04-13
1218,171,222,view,2025-05-27
1219,518,730,view,2025-04-27
1220,552,520,like,2025-03-30
1221,36,514,view,2025-03-31
1222,717,185,like,2025-05-31
1223,399,892,view,2025-04-07
1224,146,286,share,2025-01-29
1225,337,698,like,2025-01-26
1226,447,336,view,2025-02-21
1227,955,408,view,2025-05-22
1228,645,677,like,2025-04-08
1229,161,225,like,2025-04-18
1230,852,977,view,2025-08-19
1231,518,621,like,2025-03-29
1232,933,130,like,2025-03-20
1233,320,708,share,2025-08-02
1234,428,459,like,2025-02-23
1235,701,555,view,2025-06-29
1236,268,529,view,2025-07-25
1237,419,937,view,2025-02-15
1238,999,346,share,2025-04-01
1239,89,469,like,2025-06-23
1240,242,126,share,2025-07-10
1241,15,456,view,2025-08-07
1242,640,683,view,2025-03-28
1243,512,938,share,2025-04-27
1244,168,773,like,2025-06-24
1245,332,896,share,2025-03-10
1246,170,840,like,2025-08-08
1247,719,847,like,2025-03-02
1248,780,538,share,2025-07-13
1249,330,1082,share,2025-04-03
1250,204,131,view,2025-03-25
1251,145,764,view,2025-06-05
1252,239,1079,share,2025-06-11
1253,640,348,share,2025-08-08
1254,593,698,share,2025-03-10
1255,335,856,share,2025-05-09
1256,536,827,share,2025-08-15
1257,726,621,view,2025-02-26
1258,885,472,like,2025-03-17
1259,235,1019,share,2025-07-06
1260,267,680,like,2025-07-08
1261,634,111,share,2025-02-03
1262,166,228,like,2025-02-07
1263,231,1049,share,2025-01-13
1264,756,509,share,2025-08-10
1265,156,512,like,2025-03-26
1266,568,539,view,2025-08-14
1267,610,952,view,2025-07-07
1268,523,527,like,2025-04-20
1269,331,1095,share,2025-08-18
1270,158,281,view,2025-06-10
1271,752,727,share,2025-05-04
1272,474,612,view,2025-01-30
1273,415,585,share,2025-08-16
1274,449,697,view,2025-04-05
1275,175,895,like,2025-04-30
1276,933,788,like,2025-05-18
1277,516,434,like,2025-07-08
1278,922,872,like,2025-02-06
1279,908,340,view,2025-05-17
1280,898,635,view,2025-06-24
1281,410,808,share,2025-02-04
1282,937,873,like,2025-03-02
1283,892,898,like,2025-04-20
1284,698,516,view,2025-03-05
1285,914,911,share,2025-01-26
1286,65,136,share,2025-08-13
1287,810,230,like,2025-03-18
1288,944,463,share,2025-01-24
1289,680,620,like,2025-05-12
1290,688,1084,like,2025-07-31
1291,660,139,share,2025-06-30
1292,690,517,like,2025-01-16
1293,998,1040,view,2025-08-11
1294,756,159,view,2025-07-12
1295,60,762,like,2025-04-22
1296,542,1088,share,2025-04-18
1297,103,102,share,2025-02-09
1298,419,759,share,2025-04-12
1299,422,678,share,2025-06-15
1300,82,459,share,2025-02-14
1301,213,624,share,2025-03-16
1302,626,391,share,2025-01-27
1303,799,401,share,2025-03-12
1304,308,608,like,2025-02-21
1305,103,949,view,2025-04-16
1306,121,684,like,2025-04-28
1307,125,674,share,2025-07-22
1308,576,1074,share,2025-06-03
1309,363,305,share,2025-06-30
1310,173,462,share,2025-02-26
1311,669,541,view,2025-05-15
1312,449,579,like,2025-04-02
1313,585,482,share,2025-07-18
1314,461,359,like,2025-04-07
1315,949,324,share,2025-05-03
1316,922,909,view,2025-01-19
1317,841,1100,like,2025-02-16
1318,517,329,view,2025-03-05
1319,815,135,like,2025-01-31
1320,357,592,share,2025-02-12
1321,385,124,like,2025-08-17
1322,198,995,view,2025-05-08
1323,195,994,like,2025-05-14
1324,965,406,view,2025-06-28
1325,197,1009,like,2025-05-12
1326,4,1063,like,2025-08-08
1327,734,211,like,2025-07-24
1328,628,350,view,2025-06-25
1329,250,973,share,2025-04-06
1330,935,526,view,2025-04-23
1331,769,768,view,2025-02-07
1332,829,477,like,2025-06-26
1333,913,742,like,2025-06-30
1334,180,523,share,2025-01-21
1335,602,121,like,2025-01-29
1336,646,912,share,2025-01-12
1337,330,457,view,2025-02-10
1338,362,458,view,2025-07-17
1339,14,700,like,2025-06-01
1340,899,207,like,2025-06-29
1341,822,845,share,2025-02-02
1342,355,943,view,2025-05-15
1343,656,655,view,2025-01-11
1344,348,855,like,2025-07-16
1345,629,689,view,2025-07-19
1346,339,1093,view,2025-03-16
1347,294,514,share,2025-05-20
1348,272,491,share,2025-07-31
1349,791,906,share,2025-06-06
1350,460,689,share,2025-06-08
1351,245,184,view,2025-05-13
1352,560,133,share,2025-03-20
1353,745,196,view,2025-03-19
1354,77,110,like,2025-05-29
1355,11,266,like,2025-03-13
1356,842,635,view,2025-08-02
1357,324,535,view,2025-04-16
1358,457,277,like,2025-04-24
1359,729,517,like,2025-06-06
1360,479,590,view,2025-08-05
1361,870,1068,share,2025-01-07
1362,360,147,view,2025-03-09
1363,848,351,like,2025-07-28
1364,273,975,share,2025-03-17
1365,895,743,view,2025-02-14
1366,728,1068,view,2025-06-24
1367,127,155,like,2025-04-17
1368,601,121,share,2025-04-29
1369,121,429,like,2025-07-10
1370,701,943,view,2025-07-13
1371,378,997,like,2025-04-10
1372,626,157,like,2025-06-28
1373,550,1001,share,2025-03-28
1374,875,997,like,2025-03-15
1375,555,877,view,2025-04-15
1376,917,986,view,2025-05-28
1377,453,807,like,2025-06-25
1378,843,346,like,2025-06-06
1379,667,331,view,2025-02-02
1380,683,262,view,2025-07-23
1381,234,378,view,2025-01-10
1382,498,506,view,2025-06-30
1383,294,965,like,2025-02-01
1384,263,1099,share,2025-01-11
1385,952,876,share,2025-05-30
1386,214,561,like,2025-04-05
1387,592,851,share,2025-02-10
1388,228,216,like,2025-06-30
1389,712,1017,like,2025-08-19
1390,869,469,share,2025-04-30
1391,917,337,view,2025-07-05
1392,639,198,share,2025-05-04
1393,717,380,like,2025-02-26
1394,671,877,share,2025-08-19
1395,422,568,view,2025-06-09
1396,450,745,like,2025-07-06
1397,28,422,like,2025-05-02
1398,584,323,like,2025-03-16
1399,944,595,share,2025-02-17
1400,476,693,like,2025-08-08
1401,37,403,view,2025-01-02
1402,582,594,share,2025-01-27
1403,731,424,like,2025-05-12
1404,192,934,share,2025-01-18
1405,290,676,like,2025-01-19
1406,592,746,like,2025-08-12
1407,258,425,like,2025-08-15
1408,156,846,view,2025-02-27
1409,198,661,share,2025-07-12
1410,452,265,view,2025-05-07
1411,550,985,like,2025-01-26
1412,714,136,like,2025-02-23
1413,246,905,share,2025-07-22
1414,81,1052,share,2025-08-03
1415,501,505,share,2025-05-22
1416,842,575,like,2025-07-07
1417,391,622,like,2025-05-28
1418,548,191,like,2025-06-06
1419,326,1013,view,2025-05-25
1420,308,247,view,2025-06-03
1421,427,678,view,2025-05-08
1422,339,359,share,2025-03-04
1423,618,772,view,2025-07-02
1424,461,245,share,2025-03-03
1425,554,675,share,2025-06-25
1426,933,385,share,2025-01-03
1427,549,1026,share,2025-01-09
1428,79,701,like,2025-01-11
1429,264,189,like,2025-05-28
1430,707,604,share,2025-02-21
1431,897,806,share,2025-05-19
1432,647,886,like,2025-02-07
1433,217,330,like,2025-06-26
1434,161,648,share,2025-07-30
1435,83,209,like,2025-01-03
1436,680,451,view,2025-06-21
1437,699,281,view,2025-04-01
1438,48,611,like,2025-06-17
1439,848,1017,share,2025-02-05
1440,811,684,like,2025-04-10
1441,369,1040,share,2025-08-18
1442,967,825,share,2025-04-18
1443,957,822,like,2025-06-27
1444,718,722,share,2025-08-12
1445,409,167,view,2025-06-01
1446,754,335,like,2025-08-04
1447,517,958,share,2025-03-28
1448,188,208,share,2025-08-02
1449,1000,849,share,2025-06-09
1450,251,543,like,2025-08-02
1451,242,440,view,2025-05-16
1452,302,947,like,2025-01-15
1453,868,1049,share,2025-03-28
1454,775,288,like,2025-02-04
1455,356,564,view,2025-06-26
1456,960,645,like,2025-03-25
1457,839,379,share,2025-04-05
1458,694,391,share,2025-03-07
1459,189,686,like,2025-08-19
1460,775,1055,like,2025-08-17
1461,178,453,view,2025-06-09
1462,187,217,view,2025-07-29
1463,720,730,view,2025-02-13
1464,206,824,view,2025-05-19
1465,982,194,view,2025-08-04
1466,214,528,like,2025-06-19
1467,721,111,view,2025-07-13
1468,245,807,view,2025-06-18
1469,275,578,view,2025-06-01
1470,127,376,like,2025-06-29
1471,521,705,view,2025-02-01
1472,891,205,view,2025-07-11
1473,599,983,share,2025-01-02
1474,190,809,view,2025-04-28
1475,754,850,view,2025-03-04
1476,12,1083,view,2025-02-02
1477,386,560,view,2025-08-17
1478,252,263,share,2025-05-04
1479,41,373,like,2025-07-04
1480,956,508,like,2025-01-17
1481,988,506,share,2025-04-06
1482,372,721,view,2025-05-29
1483,881,431,view,2025-03-07
1484,960,837,view,2025-01-03
1485,947,491,like,2025-04-26
1486,949,277,share,2025-02-23
1487,141,260,view,2025-01-28
1488,305,160,like,2025-02-08
1489,308,736,like,2025-05-02
1490,879,401,share,2025-06-13
1491,945,833,share,2025-06-09
1492,855,376,share,2025-03-06
1493,664,369,share,2025-06-07
1494,850,1077,view,2025-01-24
1495,584,982,share,2025-03-21
1496,843,593,share,2025-07-06
1497,563,331,view,2025-03-11
1498,751,771,like,2025-02-24
1499,930,1067,like,2025-06-17
1500,538,759,view,2025-01-21
1501,179,635,like,2025-08-15
1502,611,823,view,2025-06-27
1503,920,395,share,2025-03-08
1504,534,956,like,2025-01-12
1505,754,904,share,2025-01-31
1506,246,963,like,2025-04-10
1507,962,600,share,2025-07-31
1508,104,103,view,2025-08-05
1509,361,919,share,2025-03-14
1510,809,118,like,2025-04-03
1511,164,750,view,2025-07-04
1512,195,465,share,2025-06-15
1513,291,904,share,2025-05-05
1514,399,547,view,2025-02-06
1515,804,386,share,2025-08-09
1516,425,943,share,2025-05-17
1517,544,165,like,2025-04-23
1518,90,302,share,2025-05-12
1519,160,514,view,2025-07-11
1520,265,185,share,2025-04-17
1521,501,424,like,2025-04-18
1522,392,813,like,2025-07-29
1523,646,891,like,2025-03-21
1524,726,506,share,2025-05-16
1525,870,535,view,2025-08-05
1526,283,519,share,2025-06-25
1527,110,405,view,2025-01-06
1528,500,274,view,2025-01-02
1529,72,401,like,2025-05-21
1530,246,721,like,2025-02-07
1531,629,626,like,2025-07-31
1532,734,456,view,2025-06-29
1533,926,911,share,2025-02-02
1534,32,332,share,2025-08-10
1535,811,334,view,2025-04-25
1536,801,465,share,2025-07-08
1537,359,226,view,2025-04-02
1538,420,981,view,2025-02-17
1539,889,1076,like,2025-02-06
1540,823,271,view,2025-04-04
1541,313,596,like,2025-03-22
1542,687,163,share,2025-05-28
1543,276,184,like,2025-08-15
1544,780,263,view,2025-05-31
1545,120,910,view,2025-02-03
1546,198,396,view,2025-04-01
1547,216,775,view,2025-01-12
1548,950,730,like,2025-02-27
1549,617,632,like,2025-02-11
1550,314,964,share,2025-06-21
1551,97,610,share,2025-04-30
1552,328,392,view,2025-02-26
1553,392,250,like,2025-03-21
1554,250,387,like,2025-08-19
1555,313,1100,view,2025-07-07
1556,119,302,view,2025-01-21
1557,666,977,view,2025-06-25
1558,484,152,share,2025-08-11
1559,774,129,like,2025-05-17
1560,993,1086,view,2025-03-06
1561,496,917,view,2025-05-26
1562,219,755,like,2025-06-10
1563,58,902,like,2025-02-07
1564,65,260,view,2025-04-29
1565,682,294,view,2025-05-23
1566,704,746,view,2025-03-27
1567,385,246,view,2025-01-03
1568,258,535,share,2025-04-13
1569,437,941,view,2025-04-19
1570,342,982,like,2025-02-03
1571,274,918,view,2025-03-12
1572,425,684,view,2025-07-08
1573,658,861,share,2025-08-04
1574,687,107,view,2025-01-29
1575,500,335,like,2025-02-08
1576,198,146,like,2025-01-25
1577,520,257,view,2025-03-19
1578,907,315,view,2025-02-08
1579,938,945,share,2025-03-12
1580,13,917,share,2025-07-17
1581,524,313,share,2025-03-06
1582,244,519,like,2025-07-20
1583,726,684,view,2025-01-15
1584,79,101,share,2025-03-22
1585,653,795,view,2025-03-18
1586,123,557,share,2025-02-20
1587,360,758,view,2025-06-25
1588,767,728,like,2025-04-09
1589,78,792,share,2025-06-12
1590,89,591,view,2025-04-21
1591,896,868,like,2025-02-16
1592,922,862,view,2025-08-19
1593,835,956,view,2025-03-24
1594,490,445,share,2025-01-20
1595,853,860,share,2025-03-16
1596,713,727,share,2025-05-02
1597,875,113,like,2025-06-16
1598,381,748,share,2025-04-10
1599,218,1094,view,2025-04-08
1600,301,360,view,2025-02-24
1601,537,803,share,2025-07-26
1602,989,219,share,2025-02-09
1603,62,857,like,2025-07-19
1604,513,1081,view,2025-07-08
1605,206,610,share,2025-07-30
1606,296,933,view,2025-07-12
1607,841,635,like,2025-04-07
1608,354,945,view,2025-03-08
1609,306,669,view,2025-05-29
1610,263,647,view,2025-01-24
1611,16,449,share,2025-05-05
1612,861,1074,share,2025-05-24
1613,686,1084,like,2025-07-15
1614,47,410,share,2025-08-09
1615,391,390,view,2025-06-14
1616,500,1090,view,2025-04-21
1617,621,197,view,2025-01-06
1618,469,742,share,2025-07-23
1619,485,783,share,2025-03-17
1620,737,627,share,2025-06-14
1621,120,1063,share,2025-06-06
1622,573,1062,like,2025-08-06
1623,355,393,like,2025-01-21
1624,987,989,share,2025-06-14
1625,280,782,like,2025-01-05
1626,442,1002,like,2025-05-14
1627,657,333,share,2025-02-14
1628,299,1021,share,2025-05-29
1629,163,899,share,2025-05-20
1630,340,814,like,2025-04-25
1631,816,395,view,2025-04-16
1632,995,295,like,2025-06-02
1633,512,464,like,2025-08-01
1634,422,421,share,2025-04-19
1635,533,754,like,2025-02-03
1636,22,816,share,2025-05-28
1637,919,899,view,2025-02-04
1638,146,821,like,2025-07-13
1639,965,625,view,2025-06-13
1640,265,176,share,2025-03-20
1641,53,424,share,2025-01-07
1642,642,650,like,2025-07-18
1643,407,725,view,2025-08-03
1644,924,726,share,2025-06-20
1645,213,438,like,2025-01-07
1646,413,723,view,2025-01-27
1647,911,454,share,2025-04-30
1648,694,413,like,2025-05-02
1649,367,159,share,2025-02-08
1650,352,856,view,2025-05-18
1651,434,1047,share,2025-04-24
1652,249,119,share,2025-06-22
1653,775,759,view,2025-02-11
1654,595,772,share,2025-02-27
1655,954,824,share,2025-06-08
1656,377,972,like,2025-03-15
1657,62,260,view,2025-02-05
1658,209,124,like,2025-01-20
1659,998,187,share,2025-06-19
1660,642,1070,view,2025-06-08
1661,964,174,like,2025-02-14
1662,31,972,like,2025-06-03
1663,523,616,view,2025-06-05
1664,793,640,view,2025-04-19
1665,796,882,view,2025-07-15
1666,3,451,share,2025-04-30
1667,509,418,share,2025-05-19
1668,32,409,like,2025-02-25
1669,88,279,view,2025-03-04
1670,574,277,view,2025-04-18
1671,577,509,like,2025-01-06
1672,496,615,like,2025-01-16
1673,243,423,like,2025-03-15
1674,951,862,share,2025-02-27
1675,819,737,share,2025-07-12
1676,335,535,like,2025-06-27
1677,304,668,share,2025-06-19
1678,419,927,like,2025-05-16
1679,260,1063,like,2025-08-02
1680,790,359,view,2025-07-31
1681,376,1084,view,2025-06-29
1682,207,923,view,2025-02-22
1683,661,198,share,2025-01-08
1684,784,496,like,2025-01-11
1685,603,319,view,2025-04-05
1686,924,531,share,2025-02-05
1687,171,900,view,2025-03-03
1688,366,186,view,2025-04-25
1689,617,162,like,2025-01-28
1690,713,373,like,2025-05-14
1691,495,726,view,2025-03-01
1692,129,905,like,2025-01-12
1693,332,998,view,2025-05-08
1694,219,332,share,2025-06-07
1695,249,358,view,2025-04-15
1696,761,1005,view,2025-05-09
1697,300,756,view,2025-05-29
1698,995,792,share,2025-06-28
1699,195,958,like,2025-03-19
1700,107,859,share,2025-07-15
1701,793,416,like,2025-02-20
1702,876,320,like,2025-06-28
1703,434,928,like,2025-04-18
1704,828,1030,like,2025-07-14
1705,655,489,share,2025-07-28
1706,992,357,share,2025-07-04
1707,411,694,like,2025-03-04
1708,967,837,like,2025-01-16
1709,473,164,view,2025-02-11
1710,944,950,share,2025-03-18
1711,175,825,view,2025-04-11
1712,44,668,like,2025-02-07
1713,552,368,share,2025-05-31
1714,983,475,share,2025-06-24
1715,127,194,share,2025-06-01
1716,407,618,like,2025-05-21
1717,731,347,share,2025-02-03
1718,127,493,like,2025-04-10
1719,417,1077,view,2025-07-03
1720,240,246,view,2025-03-05
1721,900,553,share,2025-04-30
1722,657,1059,share,2025-01-08
1723,658,456,share,2025-07-18
1724,402,407,share,2025-03-03
1725,969,676,like,2025-03-09
1726,67,442,like,2025-03-18
1727,647,484,view,2025-06-02
1728,89,1067,like,2025-03-09
1729,378,235,view,2025-08-03
1730,778,404,like,2025-07-08
1731,369,937,like,2025-03-25
1732,143,255,like,2025-05-12
1733,203,996,share,2025-06-11
1734,515,631,view,2025-03-08
1735,186,515,like,2025-02-16
1736,92,709,view,2025-07-06
1737,117,678,view,2025-07-11
1738,272,270,share,2025-05-17
1739,680,798,share,2025-01-21
1740,824,992,view,2025-07-24
1741,520,651,share,2025-02-05
1742,494,797,share,2025-07-12
1743,868,777,share,2025-02-11
1744,368,910,like,2025-02-01
1745,738,925,like,2025-01-13
1746,181,897,like,2025-01-02
1747,771,414,view,2025-02-16
1748,405,1056,share,2025-06-02
1749,976,1018,share,2025-06-29
1750,13,699,like,2025-03-17
1751,367,824,share,2025-03-17
1752,880,240,share,2025-07-18
1753,280,117,view,2025-08-13
1754,56,799,view,2025-07-02
1755,185,874,share,2025-04-04
1756,369,800,like,2025-06-06
1757,721,907,share,2025-07-03
1758,689,676,like,2025-06-05
1759,101,461,view,2025-05-04
1760,971,843,view,2025-06-03
1761,610,427,share,2025-04-28
1762,241,552,share,2025-08-13
1763,734,372,like,2025-02-03
1764,867,904,like,2025-01-06
1765,881,1011,like,2025-03-22
1766,818,120,view,2025-07-24
1767,417,617,like,2025-08-03
1768,270,654,like,2025-03-13
1769,40,871,like,2025-07-08
1770,585,598,share,2025-04-01
1771,655,725,view,2025-01-17
1772,437,994,share,2025-04-10
1773,279,192,share,2025-07-18
1774,265,344,share,2025-02-28
1775,598,157,share,2025-08-12
1776,447,689,share,2025-02-10
1777,385,749,view,2025-04-18
1778,54,152,like,2025-08-17
1779,948,668,view,2025-05-09
1780,836,409,like,2025-03-18
1781,234,472,like,2025-06-09
1782,446,106,like,2025-07-25
1783,852,235,view,2025-07-16
1784,706,247,share,2025-02-21
1785,260,965,like,2025-03-14
1786,276,340,share,2025-04-18
1787,581,115,like,2025-03-03
1788,372,546,share,2025-05-29
1789,920,814,like,2025-07-27
1790,416,1045,view,2025-05-16
1791,462,263,like,2025-01-02
1792,89,530,share,2025-06-12
1793,762,657,view,2025-01-06
1794,840,327,share,2025-03-18
1795,999,384,like,2025-03-09
1796,385,248,share,2025-01-10
1797,413,810,view,2025-05-19
1798,559,738,view,2025-03-31
1799,187,629,view,2025-02-28
1800,651,209,view,2025-03-29
1801,636,441,share,2025-02-08
1802,770,460,share,2025-07-29
1803,826,129,share,2025-06-21
1804,924,870,share,2025-01-29
1805,743,857,share,2025-05-18
1806,451,872,like,2025-02-19
1807,920,922,share,2025-03-01
1808,843,597,share,2025-04-29
1809,691,391,view,2025-07-23
1810,681,356,like,2025-02-08
1811,545,1016,share,2025-07-20
1812,71,854,share,2025-03-31
1813,18,1075,view,2025-06-09
1814,574,239,like,2025-06-05
1815,308,760,share,2025-07-08
1816,208,667,like,2025-02-12
1817,96,855,view,2025-04-11
1818,541,368,like,2025-07-31
1819,420,386,view,2025-05-01
1820,130,616,share,2025-01-01
1821,58,578,like,2025-06-14
1822,56,853,view,2025-03-29
1823,139,723,like,2025-02-11
1824,399,454,like,2025-06-25
1825,766,609,share,2025-07-01
1826,557,457,share,2025-02-17
1827,934,206,share,2025-06-17
1828,269,1058,share,2025-01-04
1829,33,934,share,2025-02-10
1830,759,720,like,2025-03-14
1831,832,898,view,2025-06-13
1832,204,1032,share,2025-04-16
1833,708,291,like,2025-08-02
1834,180,1031,like,2025-03-08
1835,454,704,share,2025-03-10
1836,231,482,view,2025-05-02
1837,139,448,like,2025-05-03
1838,823,441,view,2025-06-15
1839,795,323,view,2025-06-18
1840,778,140,like,2025-02-18
1841,592,148,view,2025-07-06
1842,517,172,like,2025-03-10
1843,238,256,like,2025-08-18
1844,324,1067,like,2025-08-10
1845,398,401,like,2025-01-16
1846,866,243,like,2025-06-26
1847,356,683,share,2025-04-25
1848,322,728,share,2025-03-28
1849,18,821,view,2025-04-16
1850,965,994,share,2025-02-04
1851,466,165,like,2025-06-07
1852,408,260,view,2025-07-21
1853,663,571,like,2025-08-14
1854,24,927,share,2025-06-24
1855,542,578,share,2025-01-21
1856,309,758,like,2025-01-25
1857,754,390,share,2025-07-22
1858,612,699,view,2025-06-13
1859,497,672,view,2025-03-08
1860,854,589,view,2025-01-08
1861,317,287,view,2025-04-08
1862,645,1065,share,2025-07-02
1863,650,841,share,2025-08-06
1864,961,764,view,2025-06-23
1865,731,863,share,2025-06-03
1866,688,120,view,2025-04-09
1867,450,835,view,2025-01-31
1868,656,569,like,2025-07-28
1869,344,232,share,2025-04-23
1870,262,349,share,2025-06-16
1871,824,155,view,2025-02-06
1872,202,488,share,2025-08-16
1873,970,592,share,2025-02-08
1874,465,648,like,2025-06-26
1875,384,264,view,2025-03-22
1876,674,713,like,2025-07-19
1877,562,810,share,2025-06-14
1878,624,870,like,2025-06-02
1879,952,527,share,2025-03-27
1880,546,512,view,2025-02-05
1881,206,264,share,2025-05-30
1882,825,154,like,2025-02-27
1883,37,791,like,2025-02-06
1884,586,240,share,2025-02-11
1885,734,206,like,2025-02-21
1886,510,443,share,2025-02-27
1887,95,655,view,2025-07-15
1888,587,693,share,2025-02-19
1889,262,869,view,2025-02-23
1890,730,468,like,2025-01-19
1891,369,325,like,2025-02-10
1892,983,290,view,2025-01-24
1893,629,650,like,2025-08-16
1894,885,857,share,2025-04-18
1895,977,475,view,2025-08-11
1896,242,368,like,2025-04-01
1897,399,761,like,2025-01-13
1898,241,198,like,2025-07-29
1899,431,1064,share,2025-05-28
1900,747,110,view,2025-01-03
1901,541,953,share,2025-04-08
1902,40,537,view,2025-04-16
1903,402,532,like,2025-04-15
1904,917,211,like,2025-07-20
1905,739,519,share,2025-04-05
1906,693,878,view,2025-01-05
1907,192,1074,view,2025-08-06
1908,566,246,share,2025-01-06
1909,457,560,view,2025-03-29
1910,80,747,share,2025-01-04
1911,514,241,like,2025-08-15
1912,540,324,like,2025-04-10
1913,1000,1067,view,2025-05-15
1914,702,1030,share,2025-07-29
1915,969,335,like,2025-05-05
1916,497,119,share,2025-03-08
1917,874,234,share,2025-02-03
1918,507,960,view,2025-01-12
1919,37,806,share,2025-07-20
1920,115,168,like,2025-05-30
1921,262,990,view,2025-05-26
1922,463,813,view,2025-01-14
1923,828,996,view,2025-07-19
1924,671,534,share,2025-06-07
1925,664,559,share,2025-07-05
1926,101,721,share,2025-08-17
1927,660,676,share,2025-03-17
1928,885,693,view,2025-07-21
1929,115,161,view,2025-07-04
1930,333,779,share,2025-07-07
1931,9,787,view,2025-08-03
1932,138,355,like,2025-08-14
1933,431,934,like,2025-04-20
1934,431,771,like,2025-04-25
1935,415,633,share,2025-02-12
1936,997,115,view,2025-03-13
1937,640,725,view,2025-03-11
1938,454,966,like,2025-03-22
1939,561,557,view,2025-06-24
1940,225,882,share,2025-03-01
1941,200,576,share,2025-07-10
1942,447,223,view,2025-03-25
1943,254,768,share,2025-06-17
1944,901,540,view,2025-07-06
1945,788,153,like,2025-07-16
1946,847,132,view,2025-06-01
1947,747,357,view,2025-06-10
1948,761,293,view,2025-06-08
1949,233,155,share,2025-02-01
1950,939,828,view,2025-04-02
1951,131,1010,view,2025-08-16
1952,910,643,share,2025-07-15
1953,941,894,share,2025-05-10
1954,383,846,like,2025-01-10
1955,509,205,like,2025-04-08
1956,727,571,share,2025-04-28
1957,410,267,view,2025-02-21
1958,915,983,like,2025-03-14
1959,588,1036,share,2025-08-05
1960,23,851,like,2025-01-23
1961,364,280,like,2025-08-02
1962,511,730,share,2025-03-28
1963,89,926,like,2025-05-11
1964,918,1002,share,2025-03-23
1965,635,867,like,2025-02-07
1966,887,831,share,2025-01-16
1967,784,731,like,2025-02-06
1968,922,1000,share,2025-05-26
1969,717,411,like,2025-04-23
1970,476,564,view,2025-01-12
1971,651,934,view,2025-03-31
1972,393,247,share,2025-06-14
1973,59,1006,share,2025-02-04
1974,879,274,share,2025-02-13
1975,462,489,share,2025-06-20
1976,820,999,view,2025-07-10
1977,251,231,like,2025-07-11
1978,808,556,share,2025-08-06
1979,69,1061,view,2025-02-22
1980,342,478,view,2025-01-07
1981,866,865,share,2025-01-02
1982,224,842,view,2025-01-25
1983,980,1043,share,2025-05-24
1984,475,212,view,2025-08-16
1985,92,371,view,2025-03-13
1986,282,265,share,2025-02-04
1987,784,1093,view,2025-07-27
1988,923,649,share,2025-03-11
1989,556,714,share,2025-06-20
1990,174,560,like,2025-06-13
1991,869,171,view,2025-05-31
1992,539,435,view,2025-01-28
1993,276,698,like,2025-02-15
1994,428,908,share,2025-01-06
1995,822,1027,share,2025-07-16
1996,4,857,view,2025-03-16
1997,143,115,like,2025-01-16
1998,184,321,share,2025-03-13
1999,127,911,view,2025-04-29
2000,666,190,view,2025-07-10
